Workbook

Sheet A201
B3: SENARAI PENAWARAN KURSUS MENGIKUT SEMESTER
B4: SARJANA MUDA KEJURUTERAAN ELEKTRONIK DENGAN KEPUJIAN
B5: SESI AKADEMIK 2021/2022
B7: Semester | C7: Kod kursus | D7: Nama kursus | E7: Taraf kursus | F7: Jam Kredit | H7: Gred | J7: Gred Unit | K7: GPA | L7: GPA
B8: I | C8: BAA1022 | D8: Bahasa Arab Praktikal | E8: WF | F8: 2 | G8: =4*F8 -> 8 | H8: A | I8: =IF(H8<>"",HLOOKUP(H8,'GPA Table'!B5:M8,2,FALSE ),"") -> 4 | J8: =I8*F8 -> 8
C9: BAA2022 | D9: Bahasa Arab Komunikasi | E9: WF
C10: BAA3022 | D10: Bahasa Arab Sains | E10: WF
C11: BIA1012 | D11: Kemahiran Am Bahasa Inggeris | E11: WF | F11: 2 | G11: =4*F11 -> 8 | H11: A | I11: =IF(H11<>"",HLOOKUP(H11,'GPA Table'!$B$5:$M$8,2,FALSE ),"") -> 4 | J11: =I11*F11 -> 8
C12: BIA2012 | D12: Bahasa Inggeris untuk Komunikasi | E12: WF
C13: BIS4022 | D13: Bahasa Inggeris untuk Keperluan Profesional | E13: WF
C14: BIS5012 | D14: Bahasa Inggeris untuk Keperluan Penyelidikan | E14: WF
C15: UTC1012 | D15: Penghayatan Etika dan Peradaban | E15: WU | F15: 2 | G15: =4*F15 -> 8 | H15: A | I15: =IF(H15<>"",HLOOKUP(H15,'GPA Table'!$B$5:$M$8,2,FALSE ),"") -> 4 | J15: =I15*F15 -> 8
C16: UBY1012 | D16: Bahasa Melayu Komunikasi* | E16: WU
C17: UTT3012 | D17: Pengantar Kitab Turath | E17: WU | G17: =4*F17 -> 0 | H17: A | I17: =IF(H17<>"",HLOOKUP(H17,'GPA Table'!$B$5:$M$8,2,FALSE ),"") -> 4 | J17: =I17*F17 -> 0
C18: KEE1133 | D18: Teknologi Elektrik | E18: WF | F18: 3 | G18: =4*F18 -> 12 | H18: A | I18: =IF(H18<>"",HLOOKUP(H18,'GPA Table'!$B$5:$M$8,2,FALSE ),"") -> 4 | J18: =I18*F18 -> 12
C19: KEH1123 | D19: Matematik Kejuruteraan I | E19: WF | F19: 3 | G19: =4*F19 -> 12 | H19: A | I19: =IF(H19<>"",HLOOKUP(H19,'GPA Table'!$B$5:$M$8,2,FALSE ),"") -> 4 | J19: =I19*F19 -> 12
C20: KEK1113 | D20: Pengaturcaraan untuk Kejuruteraan | E20: WF | F20: 3 | G20: =4*F20 -> 12 | H20: A | I20: =IF(H20<>"",HLOOKUP(H20,'GPA Table'!$B$5:$M$8,2,FALSE ),"") -> 4 | J20: =I20*F20 -> 12
C21: *For international student only | F21: =SUM(F8:F20) -> 15 | G21: =SUM(G8:G20) -> 60 | I21: =SUM(I8:I20) -> 28 | J21: =SUM(J8:J20) -> 60 | K21: =J21/G21*4 -> 4 | L21: =K21 -> 4
B22: II | C22: BAA2022 | D22: Bahasa Arab Komunikasi | E22: WF | F22: 2 | G22: =F22*4 -> 8 | H22: A | I22: =IF(H22<>"",HLOOKUP(H22,'GPA Table'!$B$5:$M$8,2,FALSE ),"") -> 4 | J22: =I22*F22 -> 8
C23: BAA3022 | D23: Bahasa Arab Sains | E23: WF
C24: BAA5012 | D24: Bahasa Arab Profesional | E24: WF
C25: BIA2012 | D25: Bahasa Inggeris untuk Komunikasi | E25: WF | F25: 2 | G25: =F25*4 -> 8 | H25: A | I25: =IF(H25<>"",HLOOKUP(H25,'GPA Table'!$B$5:$M$8,2,FALSE ),"") -> 4 | J25: =I25*F25 -> 8
C26: BIA3012 | D26: Bahasa Inggeris untuk Keperluan Akademik | E26: WF
C27: BIS5012 | D27: Bahasa Inggeris untuk Keperluan Penyelidikan | E27: WF
C28: UTP1012 | D28: Falsafah dan Isu Semasa | E28: WU | F28: 2 | G28: =F28*4 -> 8 | H28: A | I28: =IF(H28<>"",HLOOKUP(H28,'GPA Table'!$B$5:$M$8,2,FALSE ),"") -> 4 | J28: =I28*F28 -> 8
C29: UTC1022 | D29: Ethics and Civilization* | E29: WU
C30: KEE1223 | D30: Rekabentuk Logik | E30: WF | F30: 3 | G30: =F30*4 -> 12 | H30: A | I30: =IF(H30<>"",HLOOKUP(H30,'GPA Table'!$B$5:$M$8,2,FALSE ),"") -> 4 | J30: =I30*F30 -> 12
C31: KEE1243 | D31: Peranti Elektronik Analog | E31: WF | F31: 3 | G31: =F31*4 -> 12 | H31: A | I31: =IF(H31<>"",HLOOKUP(H31,'GPA Table'!$B$5:$M$8,2,FALSE ),"") -> 4 | J31: =I31*F31 -> 12
C32: KEE1253 | D32: Instrumentasi dan Pengukuran | E32: WF | F32: 3 | G32: =F32*4 -> 12 | H32: A | I32: =IF(H32<>"",HLOOKUP(H32,'GPA Table'!$B$5:$M$8,2,FALSE ),"") -> 4 | J32: =I32*F32 -> 12
C33: KEH1213 | D33: Matematik Kejuruteraan II | E33: WF | F33: 3 | G33: =F33*4 -> 12 | H33: A | I33: =IF(H33<>"",HLOOKUP(H33,'GPA Table'!$B$5:$M$8,2,FALSE ),"") -> 4 | J33: =I33*F33 -> 12
C34: *For international student only | F34: =SUM(F22:F33) -> 18 | G34: =SUM(G22:G33) -> 72 | I34: =SUM(I22:I33) -> 28 | J34: =SUM(J22:J33) -> 72 | K34: =J34/G34*4 -> 4 | L34: =(K34+K21)/2 -> 4
B35: III | C35: BIA3012 | D35: Bahasa Inggeris untuk Keperluan Akademik | E35: WF | F35: 2 | G35: =F35*4 -> 8 | H35: A | I35: =IF(H35<>"",HLOOKUP(H35,'GPA Table'!$B$5:$M$8,2,FALSE ),"") -> 4 | J35: =I35*F35 -> 8
C36: BIS4022 | D36: Bahasa Inggeris untuk Keperluan Profesional | E36: WF
C37: KEE2333 | D37: Rekabentuk Litar Elektronik | E37: WF | F37: 3 | G37: =F37*4 -> 12 | H37: A | I37: =IF(H37<>"",HLOOKUP(H37,'GPA Table'!$B$5:$M$8,2,FALSE ),"") -> 4 | J37: =I37*F37 -> 12
C38: KEE2343 | D38: Kejuruteraan Kuasa Elektrik | E38: WF | F38: 3 | G38: =F38*4 -> 12 | H38: A | I38: =IF(H38<>"",HLOOKUP(H38,'GPA Table'!$B$5:$M$8,2,FALSE ),"") -> 4 | J38: =I38*F38 -> 12
C39: KEE2353 | D39: Amalan Kejuruteraan | E39: WF | F39: 3 | G39: =F39*4 -> 12 | H39: A | I39: =IF(H39<>"",HLOOKUP(H39,'GPA Table'!$B$5:$M$8,2,FALSE ),"") -> 4 | J39: =I39*F39 -> 12
C40: KEE2363 | D40: Peranti Penderia | E40: WF | F40: 3 | G40: =F40*4 -> 12 | H40: A | I40: =IF(H40<>"",HLOOKUP(H40,'GPA Table'!$B$5:$M$8,2,FALSE ),"") -> 4 | J40: =I40*F40 -> 12
C41: KEH2323 | D41: Kaedah Berangka untuk Kejuruteraan | E41: WF | F41: 3 | G41: =F41*4 -> 12 | H41: A | I41: =IF(H41<>"",HLOOKUP(H41,'GPA Table'!$B$5:$M$8,2,FALSE ),"") -> 4 | J41: =I41*F41 -> 12
F42: =SUM(F35:F41) -> 17 | G42: =SUM(G35:G41) -> 68 | I42: =SUM(I35:I41) -> 24 | J42: =SUM(J35:J41) -> 68 | K42: =J42/G42*4 -> 4 | L42: =(K34+K21+K42)/3 -> 4
B43: IV | C43: UTU3012 | D43: Keusahawanan | E43: WU | F43: 2 | G43: =F43*4 -> 8 | H43: A | I43: =IF(H43<>"",HLOOKUP(H43,'GPA Table'!$B$5:$M$8,2,FALSE ),"") -> 4 | J43: =I43*F43 -> 8
C44: UTD1022 | D44: Akidah dan Tasawuf | E44: WU | F44: 2 | G44: =F44*4 -> 8 | H44: A | I44: =IF(H44<>"",HLOOKUP(H44,'GPA Table'!$B$5:$M$8,2,FALSE ),"") -> 4 | J44: =I44*F44 -> 8
C45: UTF1032 | D45: al-Madkhal Ila al-Fiqh al-Islami | E45: WU | F45: 2 | G45: =F45*4 -> 8 | H45: A | I45: =IF(H45<>"",HLOOKUP(H45,'GPA Table'!$B$5:$M$8,2,FALSE ),"") -> 4 | J45: =I45*F45 -> 8
C46: KEE2423 | D46: Teori Isyarat dan Litar | E46: WF | F46: 3 | G46: =F46*4 -> 12 | H46: A | I46: =IF(H46<>"",HLOOKUP(H46,'GPA Table'!$B$5:$M$8,2,FALSE ),"") -> 4 | J46: =I46*F46 -> 12
C47: KEE2433 | D47: Teori Elektromagnetik | E47: WF | F47: 3 | G47: =F47*4 -> 12 | H47: A | I47: =IF(H47<>"",HLOOKUP(H47,'GPA Table'!$B$5:$M$8,2,FALSE ),"") -> 4 | J47: =I47*F47 -> 12
C48: KEE2443 | D48: Mikroelektronik | E48: WP | F48: 3 | G48: =F48*4 -> 12 | H48: A | I48: =IF(H48<>"",HLOOKUP(H48,'GPA Table'!$B$5:$M$8,2,FALSE ),"") -> 4 | J48: =I48*F48 -> 12
C49: KEH2412 | D49: Statistik Kejuruteraan | E49: WF | F49: 2 | G49: =F49*4 -> 8 | H49: A | I49: =IF(H49<>"",HLOOKUP(H49,'GPA Table'!$B$5:$M$8,2,FALSE ),"") -> 4 | J49: =I49*F49 -> 8
F50: =SUM(F43:F49) -> 17 | G50: =SUM(G43:G49) -> 68 | I50: =SUM(I43:I49) -> 28 | J50: =SUM(J43:J49) -> 68 | K50: =J50/G50*4 -> 4 | L50: =(K34+K21+K42+K50)/4 -> 4
B51: V | C51: C#####2 | D51: Ko-Kurikulum | E51: WU | F51: 2 | G51: =F51*4 -> 8 | H51: A | I51: =IF(H51<>"",HLOOKUP(H51,'GPA Table'!$B$5:$M$8,2,FALSE ),"") -> 4 | J51: =I51*F51 -> 8
C52: KEE3513 | D52: Teori Kawalan | E52: WF | F52: 3 | G52: =F52*4 -> 12 | H52: A | I52: =IF(H52<>"",HLOOKUP(H52,'GPA Table'!$B$5:$M$8,2,FALSE ),"") -> 4 | J52: =I52*F52 -> 12
C53: KEE3523 | D53: Mikropemproses dan Kawalan Terbenam | E53: WF | F53: 3 | G53: =F53*4 -> 12 | H53: A | I53: =IF(H53<>"",HLOOKUP(H53,'GPA Table'!$B$5:$M$8,2,FALSE ),"") -> 4 | J53: =I53*F53 -> 12
C54: KEE3553 | D54: Pengurusan Projek Kejuruteraan dan Kewangan | E54: WF | F54: 3 | G54: =F54*4 -> 12 | H54: A | I54: =IF(H54<>"",HLOOKUP(H54,'GPA Table'!$B$5:$M$8,2,FALSE ),"") -> 4 | J54: =I54*F54 -> 12
C55: KEK3573 | D55: Senibina dan Organisasi Komputer | E55: WP | F55: 3 | G55: =F55*4 -> 12 | H55: A | I55: =IF(H55<>"",HLOOKUP(H55,'GPA Table'!$B$5:$M$8,2,FALSE ),"") -> 4 | J55: =I55*F55 -> 12
C56: KET3563 | D56: Komunikasi Elektronik | E56: WF | F56: 3 | G56: =F56*4 -> 12 | H56: A | I56: =IF(H56<>"",HLOOKUP(H56,'GPA Table'!$B$5:$M$8,2,FALSE ),"") -> 4 | J56: =I56*F56 -> 12
F57: =SUM(F51:F56) -> 17 | G57: =SUM(G51:G56) -> 68 | I57: =SUM(I51:I56) -> 24 | J57: =SUM(J51:J56) -> 68 | K57: =J57/G57*4 -> 4 | L57: =(K34+K21+K42+K50+K57)/5 -> 4
B58: VI | C58: KEE3612 | D58: Jurutera dan Masyarakat | E58: WF | F58: 2 | G58: =F58*4 -> 8 | H58: A | I58: =IF(H58<>"",HLOOKUP(H58,'GPA Table'!$B$5:$M$8,2,FALSE ),"") -> 4 | J58: =I58*F58 -> 8
C59: KEE3624 | D59: Rekabentuk Projek Kejuruteraan Elektronik | E59: WP | F59: 4 | G59: =F59*4 -> 16 | H59: A | I59: =IF(H59<>"",HLOOKUP(H59,'GPA Table'!$B$5:$M$8,2,FALSE ),"") -> 4 | J59: =I59*F59 -> 16
C60: KEE3633 | D60: Rekabentuk Litar Terkamir | E60: WP | F60: 3 | G60: =F60*4 -> 12 | H60: A | I60: =IF(H60<>"",HLOOKUP(H60,'GPA Table'!$B$5:$M$8,2,FALSE ),"") -> 4 | J60: =I60*F60 -> 12
C61: KEE3653 | D61: Robotik | E61: WF | F61: 3 | G61: =F61*4 -> 12 | H61: A | I61: =IF(H61<>"",HLOOKUP(H61,'GPA Table'!$B$5:$M$8,2,FALSE ),"") -> 4 | J61: =I61*F61 -> 12
C62: KEE3663 | D62: Elektronik Kuasa | E62: WF | F62: 3 | G62: =F62*4 -> 12 | H62: A | I62: =IF(H62<>"",HLOOKUP(H62,'GPA Table'!$B$5:$M$8,2,FALSE ),"") -> 4 | J62: =I62*F62 -> 12
C63: KET3643 | D63: Pemprosesan Isyarat Digit | E63: WF | F63: 3 | G63: =F63*4 -> 12 | H63: A | I63: =IF(H63<>"",HLOOKUP(H63,'GPA Table'!$B$5:$M$8,2,FALSE ),"") -> 4 | J63: =I63*F63 -> 12
F64: =SUM(F58:F63) -> 18 | G64: =SUM(G58:G63) -> 72 | I64: =SUM(I58:I63) -> 24 | J64: =SUM(J58:J63) -> 72 | K64: =J64/G64*4 -> 4 | L64: =(K34+K21+K42+K64+K57+K50)/6 -> 4
B65: VIA | C65: KEZ3996 | D65: Latihan Industri | E65: WF | F65: 6 | G65: =F65*4 -> 24 | H65: A | I65: =IF(H65<>"",HLOOKUP(H65,'GPA Table'!$B$5:$M$8,2,FALSE ),"") -> 4 | J65: =I65*F65 -> 24
F66: =SUM(F65) -> 6 | G66: =SUM(G65) -> 24 | I66: =SUM(I64:I65) -> 28 | J66: =SUM(J65) -> 24 | K66: =J66/G66*4 -> 4 | L66: =(K34+K21+K42+K66+K57+K50)/6 -> 4
B67: VII | C67: KEE4712 | D67: Tesis I | E67: WP | F67: 2 | G67: =F67*4 -> 8 | H67: A | I67: =IF(H67<>"",HLOOKUP(H67,'GPA Table'!$B$5:$M$8,2,FALSE ),"") -> 4 | J67: =I67*F67 -> 8
C68: KEE4733 | D68: Pemacu dan Mesin Elektrik* | E68: EP | F68: 3 | G68: =F68*4 -> 12 | H68: A | I68: =IF(H68<>"",HLOOKUP(H68,'GPA Table'!$B$5:$M$8,2,FALSE ),"") -> 4 | J68: =I68*F68 -> 12
C69: KEE4753 | D69: Rekabentuk FPGA* | E69: EP | F69: 3 | G69: =F69*4 -> 12 | H69: A | I69: =IF(H69<>"",HLOOKUP(H69,'GPA Table'!$B$5:$M$8,2,FALSE ),"") -> 4 | J69: =I69*F69 -> 12
C70: KEE4773 | D70: Peranti Semikonduktor* | E70: EP | F70: 3 | I70: =IF(H70<>"",HLOOKUP(H70,'GPA Table'!$B$5:$M$8,2,FALSE ),"")
C71: KEK4743 | D71: Rangkaian Neural dan Logik Fuzzy* | E71: EP | F71: 3 | I71: =IF(H71<>"",HLOOKUP(H71,'GPA Table'!$B$5:$M$8,2,FALSE ),"")
C72: KEK4783 | D72: Kecerdasan Buatan* | E72: EP | F72: 3 | G72: =F72*4 -> 12 | H72: A | I72: =IF(H72<>"",HLOOKUP(H72,'GPA Table'!$B$5:$M$8,2,FALSE ),"") -> 4 | J72: =I72*F72 -> 12
C73: KET4763 | D73: Komunikasi Data dan Internet* | E73: EP | F73: 3 | G73: =F73*4 -> 12 | H73: A | I73: =IF(H73<>"",HLOOKUP(H73,'GPA Table'!$B$5:$M$8,2,FALSE ),"") -> 4 | J73: =I73*F73 -> 12
C74: *Choose 4 courses | F74: =SUM(F67:F73)-6 -> 14 | G74: =SUM(G67:G73) -> 56 | I74: =SUM(I67:I73) -> 20 | J74: =SUM(J67:J73) -> 56 | K74: =J74/G74*4 -> 4 | L74: =(K34+K21+K42+K66+K57+K50+K74)/7 -> 4
B75: VIII | C75: KEE4814 | D75: Tesis II | E75: WP | F75: 4 | G75: =F75*4 -> 16 | H75: A | I75: =IF(H75<>"",HLOOKUP(H75,'GPA Table'!$B$5:$M$8,2,FALSE ),"") -> 4 | J75: =I75*F75 -> 16
C76: KEE4833 | D76: Elektronik Perubatan* | E76: EP | F76: 3 | I76: =IF(H76<>"",HLOOKUP(H76,'GPA Table'!$B$5:$M$8,2,FALSE ),"")
C77: KEE4843 | D77: Elektronik Opto* | E77: EP | F77: 3 | G77: =F77*4 -> 12 | H77: A | I77: =IF(H77<>"",HLOOKUP(H77,'GPA Table'!$B$5:$M$8,2,FALSE ),"") -> 4 | J77: =I77*F77 -> 12
C78: KEE4863 | D78: Sistem Kuasa* | E78: EP | F78: 3 | G78: =F78*4 -> 12 | H78: A | I78: =IF(H78<>"",HLOOKUP(H78,'GPA Table'!$B$5:$M$8,2,FALSE ),"") -> 4 | J78: =I78*F78 -> 12
C79: KET4853 | D79: Kejuruteraan Frekuensi Radio dan Mikrogelombang* | E79: EP | F79: 3 | G79: =F79*4 -> 12 | H79: A | I79: =IF(H79<>"",HLOOKUP(H79,'GPA Table'!$B$5:$M$8,2,FALSE ),"") -> 4 | J79: =I79*F79 -> 12
C80: *Choose 3 courses | F80: =SUM(F75:F79)-3 -> 13 | G80: =SUM(G75:G79) -> 52 | I80: =SUM(I75:I79) -> 16 | J80: =SUM(J75:J79) -> 52 | K80: =J80/G80*4 -> 4 | L80: =(K34+K21+K42+K66+K57+K50+K80+K74)/8 -> 4

Sheet GPA Table
B4: Grade & GPA Table
B5: Letter Grade | C5: F | D5: D | E5: C- | F5: C | G5: C+ | H5: B- | I5: B | J5: B+ | K5: A- | L5: A | M5: A+
B6: GPA | C6: 0 | D6: 1 | E6: 1.75 | F6: 2 | G6: 2.5 | H6: 2.75 | I6: 3 | J6: 3.5 | K6: 3.75 | L6: 4 | M6: 4
B7: Passing | C7: Fail | D7: Fail | E7: Fail | F7: Pass | G7: Pass | H7: Pass | I7: Pass | J7: Pass | K7: Pass | L7: Pass | M7: Pass
B8: University Level | C8: Fail | D8: Fail | E8: Fail | F8: Pass | G8: Satisfactory | H8: Satisfactory | I8: Good | J8: Good | K8: Excellent | L8: Excellent | M8: Distinction
